id,title,keywords,abstract,url
P01,Graph-Based Recommendation Systems,"graph algorithms; recommendation systems; bipartite matching","A study of graph-based recommendation methods using matching and ranking to connect user interests with relevant items.",https://example.org/papers/graph-recommendation
P02,Machine Learning for Information Retrieval,"machine learning; information retrieval; ranking","Methods for applying machine learning to search and ranking of research documents.",https://example.org/papers/ml-retrieval
P03,Edit Distance for Approximate String Matching,"edit distance; Levenshtein; string matching; typo tolerance","A practical analysis of dynamic programming techniques for approximate text matching and spelling variation.",https://example.org/papers/edit-distance
P04,Graph Algorithms for Data Analysis,"graph algorithms; data analysis; network science","An overview of graph traversal, matching, and structural analysis for data-driven applications.",https://example.org/papers/graph-data
P05,Research Paper Recommendation Using Keyword Search,"recommendation systems; keyword search; information retrieval","A keyword-based paper discovery approach that ranks research articles using metadata and relevance signals.",https://example.org/papers/keyword-recommendation
P06,Deep Learning Methods for Text Classification,"deep learning; natural language processing; text classification","Neural approaches for classifying text documents and extracting semantic features.",https://example.org/papers/text-classification
P07,Efficient Pattern Matching with Rolling Hashes,"Rabin-Karp; pattern matching; rolling hash; string algorithms","An explanation of rolling-hash pattern matching for locating exact sequences in large text collections.",https://example.org/papers/rolling-hash
P08,Multi-Topic Search and Coverage Optimization,"bipartite matching; search; topic coverage; optimization","A graph-based approach to assigning distinct documents to multiple query topics while maximizing coverage.",https://example.org/papers/topic-coverage
P09,Priority Queues for Top-K Retrieval,"priority queue; top-k; ranking algorithms; heaps","Efficiently retrieving the highest-scoring items from large candidate collections using heap-based priority queues.",https://example.org/papers/topk
P10,Personalized Academic Search with Metadata,"academic search; metadata; research papers; ranking","A paper search system that uses title, keywords, and abstract metadata to calculate transparent relevance scores.",https://example.org/papers/academic-search
P11,Machine Learning and Graph Neural Networks,"machine learning; graph neural networks; graph representation","An introduction to learning representations of graph-structured data for predictive applications.",https://example.org/papers/gnn
P12,Typo-Tolerant Search for Research Documents,"fuzzy search; Levenshtein distance; typo tolerance; document retrieval","A search method that handles misspelled research keywords through edit-distance similarity.",https://example.org/papers/typo-search
